{"cameraMode":{"drawMode":0,"name":"Shaded","section":"Shading Mode"},"sceneLighting":false,"audioPlay":false,"sceneViewState":{"m_AlwaysRefresh":false,"showFog":true,"showSkybox":false,"showFlares":true,"showImageEffects":true,"showParticleSystems":true,"showVisualEffectGraphs":true,"m_FxEnabled":true},"in2DMode":false,"pivot":{"x":1.4002485275268555,"y":1.1833515167236329,"z":-0.4971729516983032},"rotation":{"x":-0.0010301658185198904,"y":0.9985188245773315,"z":0.05266004055738449,"w":0.020415332168340684},"size":0.9832598567008972,"orthographic":false}